   ,      ,Baseline Approach,           , ,      ,Disj 10  ,          , ,      ,Disj 30  ,          , ,      ,Disj 10 w/ Sample Data,          , ,      ,Disj 30 w/ Sample Data,          
Folds,Recall,Precision        ,Specificity, ,Recall,Precision,Specificty, ,Recall,Precision,Specificty, ,Recall,Precision             ,Specificty, ,Recall,Precision             ,Specificty
0,0.4,0.37037037037037035,0.5142857142857142, ,0.08,1.0,1.0, ,0.96,0.42105263157894735,0.05714285714285714, ,0.56,0.3888888888888889,0.37142857142857144, ,0.56,0.35,0.2571428571428571
1,0.3548387096774194,0.6111111111111112,0.7586206896551724, ,0.06451612903225806,0.5,0.9310344827586207, ,0.0967741935483871,0.6,0.9310344827586207, ,0.16129032258064516,0.625,0.896551724137931, ,0.0967741935483871,0.5,0.896551724137931
2,0.2903225806451613,0.5294117647058824,0.7241379310344828, ,0.0967741935483871,0.75,0.9655172413793104, ,0.9032258064516129,0.509090909090909,0.06896551724137931, ,0.12903225806451613,0.5,0.8620689655172413, ,0.5806451612903226,0.4864864864864865,0.3448275862068966
3,0.36363636363636365,0.5714285714285714,0.6666666666666666, ,0.09090909090909091,0.75,0.9629629629629629, ,0.12121212121212122,0.8,0.9629629629629629, ,0.21212121212121213,0.5833333333333334,0.8148148148148148, ,0.21212121212121213,0.6363636363636364,0.8518518518518519
4,0.43333333333333335,0.5416666666666666,0.6333333333333333, ,0.1,0.42857142857142855,0.8666666666666667, ,0.06666666666666667,0.5,0.9333333333333333, ,0.13333333333333333,0.5,0.8666666666666667, ,0.3333333333333333,0.4166666666666667,0.5333333333333333
Average: ,0.3684261974584555,0.5247976968565203,0.6594088669950738, ,0.08643988269794722,0.6857142857142857,0.9452362707535121, ,0.4295757575757576,0.5660287081339713,0.5906878306878307, ,0.23915542521994135,0.5194444444444445,0.762306148513045, ,0.35657478005865106,0.47790335790335786,0.5767414705345739
Standard Deviation: ,0.047994955122331866,0.08219257250369166,0.08464771237437949, ,0.012905592958021291,0.2037906088241015,0.04494328180231436, ,0.41066830100857876,0.1300125994813601,0.4309744700820399, ,0.1631321495771399,0.0812707713240433,0.19718420438005746, ,0.1899961571928822,0.09568781829940834,0.25914316893158607
