   ,      ,Baseline Approach,           , ,      ,Disj 10  ,          , ,      ,Disj 30  ,          , ,      ,Disj 10 w/ Sample Data,          , ,      ,Disj 30 w/ Sample Data,          
Folds,Recall,Precision        ,Specificity, ,Recall,Precision,Specificty, ,Recall,Precision,Specificty, ,Recall,Precision             ,Specificty, ,Recall,Precision             ,Specificty
0,0.3333333333333333,0.42857142857142855,0.6363636363636364, ,0.1111111111111111,0.75,0.9696969696969697, ,0.1111111111111111,0.3,0.7878787878787878, ,0.14814814814814814,0.6666666666666666,0.9393939393939394, ,0.14814814814814814,0.36363636363636365,0.7878787878787878
1,0.3235294117647059,0.6470588235294118,0.7692307692307693, ,0.058823529411764705,1.0,1.0, ,0.14705882352941177,0.8333333333333334,0.9615384615384616, ,0.058823529411764705,0.6666666666666666,0.9615384615384616, ,0.11764705882352941,0.8,0.9615384615384616
2,0.43333333333333335,0.5652173913043478,0.6666666666666666, ,0.16666666666666666,0.7142857142857143,0.9333333333333333, ,0.26666666666666666,0.8,0.9333333333333333, ,0.23333333333333334,0.5833333333333334,0.8333333333333334, ,0.23333333333333334,0.5833333333333334,0.8333333333333334
3,0.4642857142857143,0.52,0.625, ,0.25,0.5833333333333334,0.84375, ,0.35714285714285715,0.5882352941176471,0.78125, ,0.25,0.5384615384615384,0.8125, ,0.35714285714285715,0.5263157894736842,0.71875
4,0.3548387096774194,0.4074074074074074,0.4482758620689655, ,0.03225806451612903,0.5,0.9655172413793104, ,0.0967741935483871,0.375,0.8275862068965517, ,0.0967741935483871,0.6,0.9310344827586207, ,0.0967741935483871,0.375,0.8275862068965517
Average: ,0.3818641004789013,0.5136510101625191,0.6291073868660076, ,0.1237718743411343,0.7095238095238096,0.9424595088819228, ,0.19575073039968677,0.5793137254901961,0.8583173579294268, ,0.15741584088832666,0.6110256410256409,0.895560043404871, ,0.19060911819925103,0.5296570972886763,0.8258173579294269
Standard Deviation: ,0.05644634154351443,0.08834396904538246,0.10374471160357768, ,0.078136883402551,0.17079910889962813,0.053686684832527864, ,0.10040678302421721,0.21590194208643326,0.0750031549321402, ,0.07459093186262343,0.04969069352515797,0.060504763781375925, ,0.09538368197508502,0.1596616982525438,0.07922447968812445
