 , ,Combined Casuality Approach (based on S2), , , , ,Baseline Approach, , , 
Folds,Recall,Precision,Specificity,Top 10 Biomarkers, ,Recall, Precision,Specificty, ,Test Set for Fold
1,[0.4482758620689655],[0.5909090909090909],[0.7096774193548387],|['combinedBioMarkerString', '']|, ,[0.6206896551724138],[0.6923076923076923],[0.7419354838709677], ,|[  0   4  11  12  16  18  27  29  51  58  59  62  70  73  78  80  88  90
  95 105 106 110 119 122 123 127 139 147 161 164 167 175 176 180 184 185
 189 191 193 208 213 214 217 220 221 222 228 229 242 248 249 251 266 275
 284 285 288 293 297 299]|
2,[0.5333333333333333],[0.47058823529411764],[0.4],|['combinedBioMarkerString', '']|, ,[0.6],[0.6],[0.6], ,|[  5   8  14  17  19  28  31  34  38  39  41  42  44  48  55  67  79  85
  89  91  99 102 107 108 111 112 117 120 131 132 138 150 158 163 168 169
 170 171 174 181 182 187 197 227 236 238 243 244 246 253 256 259 261 279
 280 282 283 290 292 296]|
3,[0.30303030303030304],[0.4166666666666667],[0.48148148148148145],|['combinedBioMarkerString', '']|, ,[0.45454545454545453],[0.6],[0.6296296296296297], ,|[ 21  24  33  35  40  47  53  54  56  61  63  66  69  82  84  93  97  98
 101 114 116 118 130 134 137 142 145 146 154 157 159 172 173 177 179 188
 192 194 201 202 204 206 211 212 219 223 225 230 232 239 247 250 258 260
 267 270 271 274 294 298]|
4,[0.38235294117647056],[0.52],[0.5384615384615384],|['combinedBioMarkerString', '']|, ,[0.6176470588235294],[0.6176470588235294],[0.5], ,|[  2   6  10  13  20  32  36  45  46  52  60  65  74  75  77  81  83  87
  92  94  96 103 113 124 128 136 140 143 148 149 151 152 160 162 166 183
 186 190 198 199 200 205 207 210 218 224 233 234 240 245 257 263 265 268
 269 272 273 277 286 295]|
5,[0.4166666666666667],[0.3448275862068966],[0.4722222222222222],|['combinedBioMarkerString', '']|, ,[0.875],[0.5833333333333334],[0.5833333333333334], ,|[  1   3   7   9  15  22  23  25  26  30  37  43  49  50  57  64  68  71
  72  76  86 100 104 109 115 121 125 126 129 133 135 141 144 153 155 156
 165 178 195 196 203 209 215 216 226 231 235 237 241 252 254 255 262 264
 276 278 281 287 289 291]|
Average: ,0.41673182125514785,0.4685983158153544,0.5203685323040161, , ,0.6335764337082795,0.618657616892911,0.6109796893667861
Standard Deviation: ,0.07576395715246428,0.08440628923450312,0.10438780106260202, , ,0.13556151430758692,0.03839107495618555,0.07835637359972317
