 , ,Combined Casuality Approach (based on S2), , , , ,Baseline Approach, , , 
Folds,Recall,Precision,Specificity,Top 10 Biomarkers, ,Recall,Precision,Specificty, ,Test Set for Fold
1,0.5172413793103449,0.5555555555555556,0.6129032258064516,combinedBioMarkerString, ,0.6206896551724138,0.6923076923076923,0.7419354838709677, ,0
2,0.5666666666666667,0.4722222222222222,0.36666666666666664,combinedBioMarkerString, ,0.7,0.6,0.5333333333333333, ,5
3,0.36363636363636365,0.41379310344827586,0.37037037037037035,combinedBioMarkerString, ,0.42424242424242425,0.56,0.5925925925925926, ,21
4,0.29411764705882354,0.5263157894736842,0.6538461538461539,combinedBioMarkerString, ,0.6176470588235294,0.6176470588235294,0.5, ,2
5,0.4166666666666667,0.3448275862068966,0.4722222222222222,combinedBioMarkerString, ,0.7083333333333334,0.4473684210526316,0.4166666666666667, ,1
Average: ,0.43166574466777313,0.4625428513813269,0.4952017277823729, , ,0.6141824943143402,0.5834646344367707,0.5569056152927121
Standard Deviation: ,0.09931856459421004,0.07621740295920906,0.1197112225009411, , ,0.10233337807253715,0.0804505264926356,0.10860062325349881
